Tax_ID,Title,Business_name,Fname,Lname,CustomerID
35-7670320,Associate Fellow M2,Kinnamplus,Buddy,Vanausdal,168
83-4401879,Senior Director M1,Dalttechnology,Elly,Aredondo,169
96-9587311,Senior Director R1,Konex,Candida,Hoa,170
97-1463799,Director M3,Faxquote,Merilyn,Julia,171
42-4075529,SalesRep R1,Xx-holding,Benedict,Mirafuentes,172
34-1167025,Director M9,Faxquote,Daniel,Suffield,173
94-3886618,Manager M1,Rangreen,Sherita,Zagen,174
17-6105195,Senior Manager L1,Inity,Lashawnda,Ferrario,175
56-2291887,Executive Manager R9,Mathtouch,Jesusita,Degroot,176
85-3032731,Associate Manager R4,Silis,Mozell,Kolmetz,177
47-6473901,Executive Manager M2,Betatech,Wynell,Rodenberger,178
10-0374336,Senior Director M9,Treequote,Peggie,Sengbusch,179
86-6324444,Senior Director R8,Kan-code,Nan,Nunlee,180
45-6711652,Senior Manager M4,Openlane,Martina,Bartolet,181
61-1100139,Executive Manager L3,Inity,Mitsue,Dilello,182
09-5111889,Manager M1,Hottechi,Annmarie,Berganza,183
51-3984561,SalesRep R1,Scotfind,Lisha,Rodeigues,184
87-8049695,Senior Manager M6,Warephase,Kanisha,Slayton,185
59-1521466,Senior Scientist M1,Stanredtax,Mari,Hirpara,186
19-3136322,Manager M4,Bioholding,Rodolfo,Adkin,187
64-4494473,Senior Manager R7,Ron-tech,Sage,Farrow,188
38-5109013,Executive Manager R2,dambase,Venita,Ennaco,189
49-7614440,Senior Manager L4,Scottech,Jennifer,Fortino,190
52-9011162,Senior Director R9,dambase,Claribel,Foller,191
64-7173397,Associate Director M2,Y-corporation,Corinne,Theodorov,192
07-6913915,SalesRep R4,Cancity,Graciela,Kippley,193
09-3973558,Senior Manager R1,Sonron,Pete,Tjepkema,194
24-1651361,Researcher R3,Codehow,Ilene,Stem,195
34-0807225,Director M6,Zumgoity,Clay,Discipio,196
48-1769205,Manager R1,Labdrill,Jina,Adkin,197
94-2432098,Director M7,Singletechno,Daniel,Matuszak,198
37-8167653,Associate Director M4,Inity,Helaine,Vonasek,199
13-6202155,Senior Director R8,Zathunicon,Jose,Birkner,200