VIN,Color
00AIVKIDO01487633,Claret
01WR7E2ZMCD216522,Green
06XZOKN8UAY309163,Metallic
073HOEWCHAF741925,Black
073HOEWCHAF741925,Cream
073HOEWCHAF741925,Red
07TSE0YYIZF380247,White
07W0YPOJ5ME337155,Orange
0BT52YYB1L8670257,Aluminum
0EPPRCZZ8NW751990,Gold
0I0Q707FJ2E520815,Metallic
0K0DP4SDKL0912273,Tan
0T8OJLNDGOE809956,Black
0UBBG820VBK445621,Tan
0VWWXBNXE6N897485,Gold
0WPI14P1N3Y139809,Red
0YQVT1ME4G3999928,Silver
138J6387R5R404455,Tan
15G3KHMPQ6Q659826,Gold
1D5LRLSWAOI565071,Purple
1DQL1LHOWDJ517215,White
1EF7NFU0EUT973245,Yellow
1FU8E0GMYMW270793,Claret
1NGZ4FLKC0Y272420,Blue
1XHDZEREQ7I052484,Brown
20DS0RGMDXW132327,Navy
21SSFP0O1TZ975822,Rust
222BHPCRR2U716446,Beige
23XU4U8IFDL261229,Tan
26OCQWEQYJV636712,Claret
26RIMRHVSQK619881,Rose
26RIMRHVSQK619881,Yellow
280ECEXOEHP375800,Blue
2GJ51MZ0A1N199895,Purple
2H6ZZF8OOXC822443,Beige
2JFUVPW8OEP241581,Maroon
2JS82H11FSA911163,Gray
2M2YYWOTASX195835,Red
2MNNLWJKNT4620363,Beige
2NMR3SMFNAZ813043,Pink
2PLFCGV5R7I019543,White
2PTE667K3PZ151997,Brown
2UL7JBUREY0725461,Tan
2W7BN5RJGCI094698,Blue
2XMKC0W8ARB619752,Beige
2ZGQSMRVMSR266772,Black
31C70O0QKDA098851,Silver
36GPKZLLJM1116960,Gold
36HU6JXKV0B908236,Rust
3856NH1QBEC536316,Bronze
3A03KTHXJ6O098081,Red
3A3OOF2JN5W951740,Pink
3A3OOF2JN5W951740,Red
3A3OOF2JN5W951740,Rust
3BZD4P4QMXX657876,White
3C8P2TNWAH7477883,Yellow
3J73EOBU1AT381615,Green
3JLCARWCAYY553033,Navy
3LSIXEX21UG135253,Maroon
3LSIXEX21UG135253,Rust
3PO4C2PYJG2012419,Orange
3WLVE4GIZOK699230,Cream
40ZV2CDNP4T119176,Brown
41D7ZAIOT2O903612,Navy
42RZCIYGO3E765775,Purple
4AO3LKJSBVK865142,Bronze
4AO3LKJSBVK865142,Tan
4AO3LKJSBVK865142,Yellow
4ILM6P01OC4089888,Purple
4J0U15MIVG3154225,Purple
4JT7M5DVI8N560897,White
4M0LNVY3QN7194734,Bronze
4MN32RC4IOG603247,Turquoise
4QJE0AIYWQG719639,Black
4U6EIHP6IVH261573,Pink
4VCO5FCED7G676135,Brown
4VCO5FCED7G676135,Gray
4ZDD0PLHYQ2396481,Blue
517DV0QLBFR999628,Rose
52RI0SIMIEO259872,Cream
55BNEOM74SD548903,Copper
55BNEOM74SD548903,Cream
55BNEOM74SD548903,Maroon
572N6O1FPHF266007,Blue
57QKKXRE3D4530992,Cream
57QKKXRE3D4530992,Silver
5BJ3ZR2EH6A861494,Maroon
5BYUV0G3UUI083209,Red
5CB4NEI0MK5675645,Green
5FJS67P7IPP595990,Claret
5NBXLBXN4X5470477,Navy
5PIT4XQ2IDT961455,Black
5PIT4XQ2IDT961455,Bronze
5RCHA2RQSKN126776,Maroon
5T4361QO304945721,Claret
5UQZITKQTP7241158,Maroon
5W5DTMZTE7I312231,Silver
60A35P7VZQO153588,Cream
60A35P7VZQO153588,Green
60A35P7VZQO153588,Rose
60R1UZM2YJQ922532,Orange
61ZH3G2YGUO461519,Beige
61ZH3G2YGUO461519,Copper
62EPDI1EYYJ402081,Cream
65AR6E3EWLS157544,Gold
65AR6E3EWLS157544,Orange
68T41LUUBBY587797,Pink
68T41LUUBBY587797,Yellow
6ACP1HSTRBZ522953,Metallic
6EO0EFPPJU8942538,Copper
6FEEUSROFOI436591,White
6HE6INXKVOC685258,Turquoise
6HTUBB0KRJ1407886,Blue
6MEJXRJQ5O7025667,Claret
6N4TXWYA8PC030787,Beige
6N4TXWYA8PC030787,Black
6OAIXJI3HM8002365,Copper
6OAIXJI3HM8002365,Rose
6OAIXJI3HM8002365,Tan
6OGX85SZXHN770887,Gray
6ONV5QC8SUL616218,Gray
6OT5NQTDYEP073810,Bronze
6OT5NQTDYEP073810,Rose
6PM6SVF3CVX504384,Beige
6WN3XFUV8Z6152313,Gray
73UHS1Z0DKT693966,Beige
75QOYF2KTKC266578,Purple
75VPS26W4QR001314,Green
7754T022K8E889647,Turquoise
7BTXGZIH8NM209911,Beige
7I0HJOT53IT807735,Claret
7I23Y4E5RZ7655655,Silver
7KAYIOOSAYZ172761,Yellow
7PFC2F3KDN7669570,Purple
7PL0G4ZAASO991142,White
7U1WAVAPBF2458008,Green
7WLNYOXO5P1099432,Gold
7WNL4MP2M8Q856796,Rose
7XKJRIZ0285479470,Purple
7XQG7TYXPF4141639,White
83L3CNAESZD022827,Tan
88PR6O51FFE411202,Aluminum
88WPSV7V73S064896,Beige
8AWRIWHIOB7240899,Silver
8CQ47AK2LFM523345,Copper
8DPBPQ225LD772299,Orange
8G3LUP7YDIR245248,Copper
8MRNKO3ZQ1T953377,White
8RS6MDUB5YB272372,Orange
8X1ZMNTEG8V581855,Red
8XDGH5D6D3X672052,Turquoise
AAVNFB47ECV285025,Beige
AH0SCOKRL8K489145,Aluminum
AH0SCOKRL8K489145,Cream
AH0SCOKRL8K489145,Purple
AIMDPZ2KMND734997,Rust
AJ2JSVDYM0O897692,White
AJLR6IODVV3757973,Cream
AKKYTP5OU6P046110,Maroon
AKYPYSGLLFN832831,Orange
AM7FZWLEUHK307952,Green
AQ0GIPZWT34903578,Turquoise
AQ744PRF6TR968003,Rust
AQ744PRF6TR968003,Tan
AUQIR5H4HRE068152,Metallic
AX3YE647F3S125807,Metallic
AXJCCI3KSTC454653,Cream
AYMY58PYO6D565858,Green
AZ1R666ZIWS777011,Gray
AZA8YX5O3PY967382,Claret
B4HYVLVNMCG170801,Pink
B6MT5EQQSFX854507,Black
B6RK4XX6O4W718066,Beige
B6RK4XX6O4W718066,Maroon
B6RK4XX6O4W718066,Metallic
B8R5GVJM8U6577878,Orange
BEE6XDILLEY125933,Purple
BEY7LC1EAWE388564,Purple
BFTNOGUH70U239681,Tan
BJBHBZBQT6J386548,Navy
BNWVPB0TCZ5369050,Turquoise
BO6V8DRDEV2627679,Blue
BQF4UKW5KVG474674,Beige
BROGP21GT25414842,Orange
BSAQRUZ4AQV214478,Rose
BTDUIDGMG7U029512,Maroon
BTDUIDGMG7U029512,Metallic
C15AQKT03T5311862,Cream
C2JK28BV6S1248001,Gray
C2SS48P7UYI831488,White
CF4BITIJB4X481530,Gray
CJJ5SBM35DI082557,Rose
COPRS63UGGH984959,Blue
CQ7SBSA7JFD966361,Bronze
D1YNI86BAFG479600,White
D44SOXOWG6K878614,Copper
D5B2TT8TOPO661297,Bronze
D5SBJR5NFWQ090407,Green
DN6MOZGET1A930783,Claret
DOTCTR3JGMC599750,Bronze
DQ8KBM24EHR977367,Tan
DQXE6GO6G5V238732,Gold
DSQZ3BMA8BE893479,White
DU3RGWYKW1Y406090,Bronze
DVKLB2SJQZ4928063,Brown
DXWOU1SERL5871765,Gold
DXWOU1SERL5871765,Red
E0TRL43QPJZ815034,Copper
E4QKUQMW0P8911175,Rose
E7IYDL7OWFB606746,Purple
E7ONFGBD22A333203,Beige
E7ONFGBD22A333203,Gold
E7ONFGBD22A333203,Pink
EHD6YVSC102433673,Black
EL1MM2S516M653465,Silver
EQBIYSJUAOQ651323,Bronze
EQBPALH70WZ127691,Pink
ESP5Z0140W6022687,Rust
EZLHZ7DD2ZE033058,Aluminum
EZLHZ7DD2ZE033058,Bronze
EZLHZ7DD2ZE033058,Tan
F1MEI0IF6FC764593,Rust
F3DB4T10CH7242347,Green
F5URJ1VH2JM567741,Beige
F63IMMDNGBM441376,Gray
F66S3YWRFV8712696,Metallic
FB4IGVK46ES832414,White
FC3M4R3UFSZ782289,Aluminum
FDMBXB0I4YT845555,Pink
FH1HMJOS4ZT144716,Cream
FHR4SV2BZ3O982607,Claret
FL02FHV2GJ3959589,Navy
FLL6IM0OT4U839347,Gray
FMETZSQTD6D874803,Gold
FMETZSQTD6D874803,Maroon
FMETZSQTD6D874803,Red
FRT45IU5U10388263,Brown
FSWKSU6C60V569652,Aluminum
FY32Q1YOL3Y555579,Copper
G1P06L4HJ6H584223,Metallic
G3TV1J6XAGV702888,Brown
G4D6F6AOVRR018788,Turquoise
G4HBX46SPAS103801,Tan
G76Q0Y2PH58423466,Cream
G76Q0Y2PH58423466,Orange
GD0BFGM17AX836671,Cream
GEL2DE0T8I5148201,Green
GESZPBX67EE486101,Gray
GGEWPOMLDT6438413,Aluminum
GGEWPOMLDT6438413,Turquoise
GHQ048ABH46553056,Cream
GJN18I5K5B7472150,Gray
GJN18I5K5B7472150,Rose
GJNRBGU63NL045645,Black
GMKQULBE7X4992195,Metallic
GMKQULBE7X4992195,Orange
GO1G8UWZ6CC394395,Rose
GTW0MIZ1NOH019692,Gold
GV2UWRP5K1E172643,Silver
GVAEGKOKAKD311144,White
GVPGI5Z60L1544905,Blue
GXF4VJG82KW841092,Tan
H05EDNWPRPP592467,Rust
H28C7JTLHKS979441,Red
H2G3FZT7PBC532016,Navy
H5GMOZRUP8T165905,Maroon
H6IZE44IC6O731141,Tan
H7A5VIFFP1A667799,Green
H7A5VIFFP1A667799,Silver
H7QI1RIE4PV927179,Navy
H7YXEEZ5YBN321572,Copper
HBLEGCX5QOM344604,Claret
HEXK80DLLFD126794,Pink
HI8BNKPUAJE220277,Orange
HOVBLXCQ8IF716757,Claret
HTKXE18G4LM642663,Cream
HXAALKJLHP8932836,Turquoise
HYJR3P5MJII589050,Metallic
HZM5D0NLDRM399010,Beige
I7WFVKAWQYK253909,Silver
I8Y14BPSZXY404516,Purple
IDCSBYUW1ML481404,Blue
IG8PWUT4ME1344557,Blue
IGRV02IHT73140725,Red
IH28F14QLL7256787,Claret
IH8QCS8SA1W662224,Rust
IHRJFBVFNUW829342,Cream
IKDJI2NJR3A634690,Brown
IMBUXHM60X6888380,Purple
IQS5QPGTG0T954170,Cream
IRDWE0OJSPW783332,Turquoise
J4OTOP87QJC586997,Black
J55HPHW22R1754593,Green
J5DUNEJPB5K495242,Maroon
J6OFP8V1ZIU680463,Green
J830SLTQBFU863672,Purple
JFV8SJWZ8LP113703,Copper
JFV8SJWZ8LP113703,Turquoise
JGJDNZFK42R045945,Silver
JN60KNMSBK2322558,Gold
JO02RNGT1O8396523,Green
JOWEZ54DY63622106,Aluminum
JOWEZ54DY63622106,Orange
JOX151ZR3GE955194,Red
JQNHRUG2454456763,Maroon
JS3TNLHZADY983948,Green
JTQ8ES8FFQS897370,Silver
JWXF66JCYHG675212,Blue
JXYX45O20KZ533744,Silver
JYK127G1ZR6964275,Orange
JYOF3P3XBEW904056,Navy
K1LNBMVU8BB464447,Pink
K2M25QOYYPY944058,Rust
K3E7PBHMZQD422776,Claret
K8Z0TU6ENFN053742,Aluminum
KABPXCO5NG6346564,Rose
KAYU2ZM1IDK808166,Aluminum
KAYU2ZM1IDK808166,Red
KAYU2ZM1IDK808166,Turquoise
KBXXCK3OQ7B192491,Green
KDDOFMA5505536025,Green
KEJ5NNEZM57998731,Silver
KEJEBILOGP8152100,Copper
KFDWFBUV5X0109490,Rust
KN4X2AB146B341868,Gray
KNYT4XAJ1KK791804,Black
KQNPAEA80G5480328,Turquoise
KRS3DYJP4LD943857,Navy
KSLB3XMCCOW534879,Orange
KTIZ8OU6F5U976916,Tan
KTIZ8OU6F5U976916,White
KW7MS4N3N71094103,Brown
KZO7LZXJXNR771606,Navy
L0FICXE1E74826637,Gold
LACZ7FVB5IL005861,Copper
LDAX8MS7ZMA980634,Beige
LDMZ4BXPWOE239230,Rust
LESQWAWRV7W196089,Claret
LH6O7CO8LIP340892,Brown
LIQR1KMIZ00707485,Turquoise
LM8UDLK41OI479349,White
LMLJ20KCYXP867169,Green
LPMORGRY77A614138,Orange
LQF5D64NCQ5461737,Bronze
LQF5D64NCQ5461737,Silver
LRMHWLY7067260293,Bronze
LUKTEC25L13491705,Turquoise
LVJGFVH42ZP066968,Pink
LVJHQ4HMJB6101871,Aluminum
LW4TX2CG6JA656800,Green
M6NS6BPOK21492066,Rust
M7HJ4VAUP8V507732,Pink
M7TYCX7AHLJ750501,Metallic
MBDGBO1V8RG307817,Pink
MD0HGAJVEW8914201,Claret
MDSNOZYL2ZL732848,Tan
MJB8QWUK0PM433047,Brown
MKNBPQIJ74V430424,Aluminum
MO4IRL8VERY769844,Bronze
MRL4FQOSQLE899645,Purple
MRMMF0HP62P826823,Navy
MSDXHNXN7QI172357,Gold
N8E3SF7HL4Q053617,Turquoise
NA4F6S1MRA6664248,Rust
ND00P44OT6F777455,Cream
NE8WFOV66CZ904500,Claret
NF28EM6ENDG175285,Cream
NGEAJQEXHL6490079,Pink
NS2W7Q8QFUS135331,Rust
NSCARZ5CLLT322372,Brown
NTUHURHPI0H639059,Green
NWVQ2W1IXSM055628,Beige
NWVQ2W1IXSM055628,Rose
O3U8PZ7LEWO313018,Copper
O4SAMHWK3TM537758,Beige
O583JPNPRFJ444212,Brown
O60A4VOEHXR128008,Turquoise
O68UZR8AH8Z844182,Black
O7G8N14WM0R109118,Purple
O8OCUJH4YMC669644,Cream
OAFPPMDWGUH117863,Beige
OAFPPMDWGUH117863,Green
OBZR6DDFFCD009341,Red
ODZ0W6TMP44331893,Gold
ODZ0W6TMP44331893,Orange
ODZ0W6TMP44331893,Pink
OEA0E3LOO4W743479,White
OFNSSWHOUJP894540,Rose
OHCKSZQ18XX891594,Black
OHCKSZQ18XX891594,Green
OLF4GTGBOPG333827,Yellow
OO1YC73Q4SY467607,Purple
OP7N2PZBA4C241759,Purple
ORHEJZV7OOL232179,Turquoise
ORU7310Z7TU675976,Cream
ORU7310Z7TU675976,Purple
OVBB31XUCCJ534771,Green
P17AFMQE3BI177849,Gray
P1RZOQHCOAP558002,Orange
P4QVR1UU2HK859570,Rose
P724MZX4MT1276309,Cream
P724MZX4MT1276309,Turquoise
PAUEVS4UQTM165084,Aluminum
PAUEVS4UQTM165084,Claret
PF6WY7KDOR8663002,Navy
PHC3C1O8R1Q659241,Cream
PKYOLPHA18P242940,Bronze
PKYOLPHA18P242940,Navy
PKZKDPC20DX722828,Metallic
PPC2Q3TT2DU845732,Aluminum
PPFD88BR0K2892279,Black
PSTBCM0C2MV291539,Red
PSUTDDZWZDP014734,Maroon
PTTIH4HLA8I333807,Navy
PTTIH4HLA8I333807,Orange
PTTIH4HLA8I333807,Rose
PUMDW0JUESZ514707,Brown
PW70TS0DUFN828484,Purple
Q04FS5KM3OG901738,Bronze
Q6CNI13ED0C199030,Claret
QAS5AVWTM6E601144,Aluminum
QCAV3QS7EWD618783,Brown
QCOWM4RH6IR775623,Blue
QE1021R78T0365667,Green
QI80NK13N12893077,Bronze
QISITLRQ5WH413699,Orange
QJSZBIU41RZ000557,Cream
QN388KU6HTL416435,Gold
QT6DE3TU16Q738364,Blue
QT6DE3TU16Q738364,Copper
QWW8Y55NYTR063884,Beige
QWW8Y55NYTR063884,Brown
QWW8Y55NYTR063884,Turquoise
QWYEUSHQPNE215410,Purple
R3YIF8UZ4P1070425,Beige
R4EQ76G1HHV776360,Turquoise
R60F6EU85VY130194,Copper
R72N7L114R7898065,Turquoise
R8UHBMX4TQI234223,Pink
RAGZ5GF7O8T913064,Tan
RCWIFAWFT3E015306,Copper
RF2BB0LOILQ809554,Orange
RHVJT3TXHWL819894,Black
RLXG5XQRAQ3165459,Black
RMRQFRIEC25214612,Claret
RMX0AE4LYYW896673,Purple
RNH1F5LU2AW886758,Turquoise
RU32GUAPYSR767349,Claret
S0IF4QEGMQI832765,Navy
S2N3CMXWZPV810214,Brown
S4TI4IX70JJ322540,Navy
S5263SMBZPG600452,Pink
S5MQN63PZL6857813,Rose
SC4XXMXCD3O314777,Brown
SDBQO6SS2H8788376,White
SHN7X1KFP65647255,Navy
SHN7X1KFP65647255,Yellow
SLW1XG4GWUM246789,Bronze
SLW1XG4GWUM246789,Purple
SLW1XG4GWUM246789,White
SSK6RJETTAY507275,Navy
SSS7P1GXYA6831681,Claret
SYK3OZKA6FN066098,Black
T0QADA6YOL4031160,Purple
T24YYPUH8J8042832,Copper
T3LJKVCQKWT790170,Pink
TEYEM2FW6ZU902939,Black
TFRBNINRQHD994300,Claret
TGKSWOGJI2H650745,Beige
TIGCC0J14W1049941,Copper
TL4REEE1KVU236686,White
TN71ZRAXPD7832958,Aluminum
TN71ZRAXPD7832958,Purple
TN71ZRAXPD7832958,Tan
TO6RWDMW814286852,Black
TOHM82154DP914803,Tan
TPWVCLGW5SF975070,Turquoise
TVKSQ24CI8Q683260,Copper
TVKSQ24CI8Q683260,Purple
TY6ELGLPBTV020931,Bronze
U2XIPWQ4U2Q518809,Red
U3Q7P5C8GZP868702,Black
U3Q7P5C8GZP868702,Navy
U3Z8TODSG28826809,Blue
U630YUK0F2X877887,Turquoise
UB0FCRJ4Q31126837,Maroon
UBR5KSD76ZB411512,Silver
UDGMKMHR25C842616,Navy
UE021615KMB218122,Copper
UEJUQU101MB418637,Navy
UF6A7D3BENH287178,Black
UFZBV43FAC2764534,Brown
UHC76PD8DA6169438,Blue
UHR044A6RAT399029,Brown
UHR044A6RAT399029,Cream
UHR044A6RAT399029,Silver
UM0NVYDRPNQ372679,Beige
UNHJCJVVT0L007357,Claret
UNHJCJVVT0L007357,Green
URGQRLDWJAO598363,Beige
URH3DGEQQ7S513356,Maroon
UUPC35QW7DS635068,Red
V34AR0KQFXB030143,White
V5NULLM2X1M103960,Claret
V7RRXZF3UDD625897,Claret
VGE7R67HBNW773708,White
VHN8VKHSZSO282046,Pink
VHN8VKHSZSO282046,Rust
VLRKLTIXYIZ273737,Beige
VOO8ABE46Z0963128,Green
VOQ56SWYWJB706872,Black
VOQ56SWYWJB706872,Green
VU1M5IDDL6S091256,Tan
VX1PVFHZBMX335341,Claret
VX1PVFHZBMX335341,Gray
W1RYVGXFD68971984,Pink
W2VUHN4XNA2086153,Orange
WAKUE2I52W0243711,White
WIXBCOXFFO3054405,Beige
WIXBCOXFFO3054405,Rust
WIXBCOXFFO3054405,Tan
WO62TPHPUNV545044,Turquoise
WQBEI8L8OTJ787811,Orange
WQBEI8L8OTJ787811,Turquoise
WRJTUEFBEKL053792,Rose
WW18EWD32UW766155,Copper
WXXT4CJXT8X866335,Gray
WZLYDQJPVXX172107,Claret
X20OKJA25ZI851267,Red
X7WRF6GJKRO032058,Yellow
XFN55MCIYNY954918,Orange
XFN55MCIYNY954918,Red
XFN55MCIYNY954918,White
XG6TUSMRKJ7859790,Rose
XKOR6FN4NB0771721,Gray
XLE7HGMPN41742434,Black
XLE7HGMPN41742434,Blue
XLE7HGMPN41742434,Cream
XNCXSM3JPVX095298,Beige
XQN1UDCTS1L283228,Rust
XTL7REP4G5A986109,Pink
XTL7REP4G5A986109,Rust
XTL7REP4G5A986109,Silver
XW26GD4VYPB194891,White
XZH6HV3YNEO902234,Maroon
Y3YFDYEUPJ2715198,Blue
Y80MGSI0T6F866229,Turquoise
Y8C5IT8AQ05184927,Black
Y8H36PV2KE7172895,Bronze
Y8H36PV2KE7172895,Metallic
Y8H36PV2KE7172895,Rose
Y8Z0KNDQWL2566444,Purple
YAZCSXVG8FR318362,Black
YBD4KM44KTR488107,Purple
YDUVE4Y7TY7392605,Blue
YDUVE4Y7TY7392605,Green
YH26TJ504TO241467,Orange
YHXRVAZZU61082434,Orange
YJ3Y7H3KJRI908228,Rose
YK5IEXQC53O490199,Blue
YOFF7JGYY7O418558,Navy
YQKTZSBESHS704350,Copper
YR0BYZ2LKGR405349,Tan
YVB5QZPUU4J557508,Gray
YVCC3OMTRFN440424,Rose
YW0NB0HVBXQ136944,Navy
YXGLZG8ECDM958701,Cream
YY8OSRCI6X0011928,Copper
YYD1IOVV8LV476788,Copper
YYD1IOVV8LV476788,Maroon
Z0A37CJ5Q6J159776,Copper
Z1ASPSHALNI992893,Yellow
Z1MBS0LZ6BU099956,Aluminum
Z2RRAJH2X3J850942,Purple
Z3BUCA4HE1G243690,Copper
Z3BUCA4HE1G243690,Gray
Z3BUCA4HE1G243690,Navy
Z7VWWWNUAXQ698054,Blue
Z7VWWWNUAXQ698054,Brown
Z7VWWWNUAXQ698054,Silver
ZAZZSPQY2MF351571,Black
ZBJWXVPPM7K107746,Silver
ZBPE1C11UOK224003,Red
ZJ5FW1Z062W312587,Black
ZMFC1QCDIBE228233,Red
ZSQLODTR32F951695,Black
ZUH3A73K7QN853290,Silver
ZUWIG7658G1890179,Green
ZX50RRJVFCP539257,Pink
ZZCURK8V4CR757611,Aluminum