ID,Fname,Lname,CustomerID
B5240692276,Gladys,Threets,1
B9701873535,Vilma,Giguere,2
C2530704207,Harrison,Patak,3
B0667673329,Caprice,Skulski,4
A9383285395,Tegan,Haufler,5
C8487820691,Janine,Riden,6
A7135730876,Gary,Poullion,7
D6534556524,Salome,Jurney,8
C6938144357,Cassi,Tagala,9
D4535340558,Stephaine,Caudy,10
A7656008373,Ammie,Hoa,11
C6697208198,Lorean,Mcrae,12
B1047114421,Vi,Royster,13
C6563700744,Ruthann,Waycott,14
A3706458629,Kris,Manno,15
C9725877677,Jess,Wieser,16
D5564091609,Refugia,Schoeneck,17
C2527866885,Glory,Luczki,18
C7749249695,Lindsey,Felger,19
D2205967267,Abel,Weirather,20
A0750292190,Leslie,Knipp,21
D1938774729,Herminia,Steffensmeier,22
A8857188903,Martina,Kitty,23
D7871290693,Georgene,Perruzza,24
A7974811992,Carmela,Regusters,25
B9153577327,Shalon,Manno,26
A4307733572,Selma,Hirpara,27
D3769942713,Elvera,Hoogland,28
D3516184517,Derick,Steffensmeier,29
B8267603424,Lezlie,Hidvegi,30
D5106706321,Dierdre,Cryer,31
C8387651854,Glory,Dallen,32
C5564885117,Lonny,Parvis,33
D0979557056,Donette,Hellickson,34
A2150826458,Vincent,Ennaco,35
A5182568516,Benedict,Vizarro,36
D5515926273,Jovita,Maynerich,37
D8406096764,Allene,Pagliuca,38
D8053038202,Ashlyn,Kownacki,39
D2440363626,Chantell,Amyot,40
B6594307920,Detra,Uyetake,41
D3405738399,Mattie,Degroot,42
D5191373192,Loren,Mccullan,43
D5493718870,Ty,Staback,44
A8301013876,Olive,Frerking,45
B1905472111,Dean,Kippley,46
B2503869534,Mireya,Upthegrove,47
D0328630274,Laurel,Mclaird,48
D9726048247,Sylvie,Fallick,49
D0985294389,Rikki,Oles,50
C2673914348,Tracey,Denooyer,51
A6562833622,Alisha,Springe,52
C6390913308,Casie,Gesick,53
D3341952649,Rozella,Zepp,54
D8356291718,Cecil,Riden,55
B7932999712,Eladia,Rantanen,56
D8269311874,Noah,Meinerding,57
C4785358885,Arlene,Birkner,58
B9479074244,Myra,Royster,59
A3410814072,Freeman,Paskin,60
C8349669264,Mattie,Reiber,61
A0923389692,Barrett,Sergi,62
A9824759625,Pamella,Arias,63
A1148700069,Xuan,Plumer,64
D8992895517,Helene,Miceli,65
D3677460785,Kayleigh,Goldammer,66
C3623479361,Britt,Restrepo,67
A2356695475,Rozella,Bowley,68
C0659557688,Yolando,Labreche,69
A0536865675,Charlene,Saras,70
A5224016442,Mitzie,Blunk,71
D6598074250,James,Lacovara,72
B3114961337,Cammy,Aquas,73
D8805924960,Veronika,Sawchuk,74
D4949425401,Daniela,Zagen,75
A1100965794,Sherita,Flister,76
B2456071697,Brett,Sturiale,77
B7250129830,Luisa,Rochin,78
D9868570966,France,Pawlowicz,79
D6887650752,Mariann,Gotter,80
B3493541660,Lili,Acey,81
C4721215300,Cassi,Mccullan,82
C2477021110,Vincent,Demesa,83
B5647927687,Elke,Varriano,84
C1874682232,Frederica,Candlish,85
C5820441797,Loreta,Discipio,86
B2831352575,Meaghan,Kannady,87
C8180681803,Ty,Hiatt,88
A8857026223,Celeste,Hidvegi,89
A1919786459,Irma,Loader,90
D0751253658,Sheridan,Neither,91
A2549561818,Alease,Vinning,92
A7476663773,Regenia,Buvens,93
C0315829968,Yoko,Nunlee,94
B0490229322,Maurine,Poquette,95
D3516713339,Maurine,Beech,96
C5684393032,Theodora,Modzelewski,97
C2451484744,Jani,Kiel,98
B8118245955,Kirk,Klusman,99
D9983832656,Eden,Calvaresi,100
D7197177558,Tyra,Kitty,101
C9883149255,Clay,Eroman,102
B6629932093,Carmelina,Lary,103
C2665896847,Alecia,Greenbush,104
A4195059665,Irma,Hughey,105
C8363248808,Kimberlie,Silvestrini,106
D9854901324,Belen,Kitty,107
A0301796521,Tresa,Karpel,108
B4329886405,Lorrine,Dickerson,109
C0199518923,Felicidad,Rulapaugh,110
C9607630052,Lizette,Oles,111
A0836288701,Dyan,Dallen,112
A2781606676,Margart,Koppinger,113
D4681815206,Kattie,Greenbush,114
D0369069698,Peggie,Thyberg,115
B8116028762,France,Gobern,116
A3642699140,Tiffiny,Zepp,117
B2391029488,Cammy,Kalafatis,118
D4268387122,Ryan,Shealy,119
B4430396935,Gayla,Jurney,120
A1652643602,Belen,Onofrio,121
B0529778191,Annelle,Andreason,122
D3639339127,Carmen,Perigo,123
D1263382492,Nan,Stem,124
C9468553584,Pamella,Honeywell,125
D9622429189,Gayla,Nestle,126
C8565047824,Nickolas,Wildfong,127
D2507219873,Tyra,Mulqueen,128
C7720975467,Elza,Diestel,129
B3135098307,Yuki,Rulapaugh,130
C5471875763,Fausto,Dallen,131
D3600877411,Ryan,Sama,132
A9499931848,Kirk,Lindall,133
D8119514417,Delisa,Perin,134
B4222493197,Layla,Steier,135
D8282569200,Lenna,Bubash,136
C2486363271,Laurel,Jeanty,137
C1301696678,Haydee,Beech,138
B1302071867,Lili,Lueckenbach,139
A9110995031,Lai,Ogg,140
A4114790699,Alease,Lipke,141
C8521553415,Cecilia,Dilello,142
C7405915994,Lynelle,Cronauer,143
D1203722082,Tiera,Emard,144
B4901838775,Twana,Timenez,145
B3560453812,Staci,Perin,146
C0550572802,Lavonda,Weglarz,147
B6287650227,Nickolas,Scriven,148
B7649567338,Britt,Arias,149
B9986557803,Jovita,Ankeny,150
B8560719297,Kayleigh,Upthegrove,151
C7966010586,Raina,Nicka,152
C7836526302,Laurel,Yum,153
B3613796899,Janine,Ennaco,154
C0840217146,Chau,Maile,155
A9501753054,Stevie,Maile,156
D4638312523,Margart,Lipkin,157
C5232024518,Kayleigh,Francescon,158
B4747383483,Kristeen,Rodefer,159
A0965866036,Garry,Merced,160
B8426722523,Stephane,Caldarera,161
A7394786391,Daron,Limmel,162
D8549360259,Albina,Herritt,163
A0943466017,Sage,Schirpke,164
A7336665337,Regenia,Paskin,165
A5920668662,Elza,Demesa,166
A6107738399,Ernest,Ehmann,167