Username,Fname,Lname,Password
roland,Roland,Around,roland
user01,Kris,Maisto,pass01
user02,Dyan,Weglarz,pass02
user03,Vi,Shields,pass03
user04,Pete,Butzen,pass04
user05,Vi,Hoopengardner,pass05
user06,Sylvia,Rodenberger,pass06
user07,Elke,Perez,pass07
user08,France,Matuszak,pass08
user09,Novella,Gillian,pass09
user10,Paz,Sayaphon,pass10
user11,Margart,Hoopengardner,pass11
user12,Gearldine,Discipio,pass12
user13,Amber,Scheyer,pass13
user14,Melissa,Shealy,pass14
user15,Yvonne,Poullion,pass15
user16,Elvera,Funnell,pass16
user17,Sylvie,Lueckenbach,pass17
user18,Viola,Reitler,pass18
user19,Delisa,Lary,pass19
user20,Stephaine,Kitty,pass20
user21,Dyan,Lary,pass21
user22,Glenn,Vocelka,pass22
user23,Nan,Restrepo,pass23
user24,Nobuko,Leto,pass24
user25,Simona,Pawlowicz,pass25
user26,Nan,Dilliard,pass26
user27,Blondell,Juhas,pass27
user28,Youlanda,Nayar,pass28
user29,Yvonne,Tillotson,pass29
user30,Jenelle,Palaia,pass30
user31,Leslie,Cloney,pass31
user32,Glendora,Butt,pass32
user33,Jacqueline,Campain,pass33